{
    "training_metrics": {
        "train_loss": 0.14381934804822907,
        "val_loss": 0.06921271668610776
    },
    "config": {
        "pred_len": 12,
        "seq_len": 12,
        "label_len": 12,
        "d_model": 256,
        "enc_in": 358,
        "e_layers": 2,
        "d_ff": 256,
        "top_k": 5,
        "num_kernels": 6
    }
}